GENE_NAME, ACCESSION_NUMBER, GENE_CDS_LENGTH, HGNC_ID, SAMPLE_NAME, ID_SAMPLE, ID_TUMOUR, PRIMARY_SITE, SITE_SUBTYPE_1, SITE_SUBTYPE_2, SITE_SUBTYPE_3, PRIMARY_HISTOLOGY, HISTOLOGY_SUBTYPE_1, HISTOLOGY_SUBTYPE_2, HISTOLOGY_SUBTYPE_3, GENOME_WIDE_SCREEN, GENOMIC_MUTATION_ID, LEGACY_MUTATION_ID, MUTATION_ID, MUTATION_CDS, MUTATION_AA, MUTATION_DESCRIPTION, MUTATION_ZYGOSITY, LOH, GRCH, MUTATION_GENOME_POSITION, MUTATION_STRAND, SNP, RESISTANCE_MUTATION, FATHMM_PREDICTION, FATHMM_SCORE, MUTATION_SOMATIC_STATUS, PUBMED_PMID, ID_STUDY, SAMPLE_TYPE, TUMOUR_ORIGIN, AGE, HGVSP, HGVSC, HGVSG
ZNF584,ENST00000306910.8,1266,27318,ACHN,1998434,1883506,kidney,NS,NS,NS,carcinoma,renal_cell_carcinoma,NS,NS,y,COSV59723322,COSM1681466,97899552,c.113A>T,p.Q38L,Substitution - Missense,hom,null,38,19:58410035-58410035,+,n,-,PATHOGENIC,0.70309,Confirmed somatic variant,23856246,null,cell-line,primary,null,ENSP00000306756.3:p.Gln38Leu,ENST00000306910.8:c.113A>T,19:g.58410035A>T
PIGG_ENST00000504346,ENST00000504346.5,2685,25985,ACHN,1998434,1883506,kidney,NS,NS,NS,carcinoma,renal_cell_carcinoma,NS,NS,y,COSV56321060,COSM1670827,137767192,c.1451A>G,p.E484G,Substitution - Missense,hom,null,38,4:523562-523562,+,n,-,PATHOGENIC,0.96661,Confirmed somatic variant,23856246,null,cell-line,primary,null,ENSP00000424800.1:p.Glu484Gly,ENST00000504346.5:c.1451A>G,4:g.523562A>G
NEMP1_ENST00000379391,ENST00000379391.7,1116,29001,ACHN,1998434,1883506,kidney,NS,NS,NS,carcinoma,renal_cell_carcinoma,NS,NS,y,COSV55661459,COSM327976,109588934,c.253-10dup,p.?,Unknown,het,null,38,12:57070905-57070906,-,n,-,null,null,Confirmed somatic variant,23856246,null,cell-line,primary,null,null,ENST00000379391.7:c.253-10dup,12:g.57070905dup
PBRM1,ENST00000394830.7,4749,30064,ACHN,1998434,1883506,kidney,NS,NS,NS,carcinoma,renal_cell_carcinoma,NS,NS,y,COSV56260610,COSM255806,115178612,c.3079C>T,p.R1027*,Substitution - Nonsense,het,null,38,3:52586658-52586658,-,n,-,PATHOGENIC,0.88376,Confirmed somatic variant,23856246,null,cell-line,primary,null,ENSP00000378307.3:p.Arg1027Ter,ENST00000394830.7:c.3079C>T,3:g.52586658G>A
ATP6V0A1_ENST00000585525,ENST00000585525.5,2385,865,ACHN,1998434,1883506,kidney,NS,NS,NS,carcinoma,renal_cell_carcinoma,NS,NS,y,COSV52877334,COSM1679829,154035501,c.2144T>C,p.M715T,Substitution - Missense,hom,null,38,17:42514313-42514313,+,n,-,PATHOGENIC,0.98752,Confirmed somatic variant,23856246,null,cell-line,primary,null,ENSP00000466878.1:p.Met715Thr,ENST00000585525.5:c.2144T>C,17:g.42514313T>C
SPIRE2,ENST00000378247.7,2145,30623,ACHN,1998434,1883506,kidney,NS,NS,NS,carcinoma,renal_cell_carcinoma,NS,NS,y,COSV65554415,COSM1380574,111203041,c.470_472dup,p.E157dup,Insertion - In frame,het,null,38,16:89850487-89850488,+,n,-,null,null,Confirmed somatic variant,23856246,null,cell-line,primary,null,ENSP00000367494.3:p.Glu157dup,ENST00000378247.7:c.470_472dup,16:g.89850485_89850487dup
MCM3AP,ENST00000397708.1,5943,6946,ACHN,1998434,1883506,kidney,NS,NS,NS,carcinoma,renal_cell_carcinoma,NS,NS,y,COSV52444841,COSM1682077,113734655,c.5845C>T,p.R1949*,Substitution - Nonsense,hom,null,38,21:46235366-46235366,-,n,-,NEUTRAL,0.33132,Confirmed somatic variant,23856246,null,cell-line,primary,null,ENSP00000380820.1:p.Arg1949Ter,ENST00000397708.1:c.5845C>T,21:g.46235366G>A
NF2_ENST00000413209,ENST00000413209.6,498,7773,ACHN,1998434,1883506,kidney,NS,NS,NS,carcinoma,renal_cell_carcinoma,NS,NS,y,COSV58519659,COSM21991,118619536,c.169C>T,p.R57*,Substitution - Nonsense,hom,null,38,22:29636805-29636805,+,n,-,PATHOGENIC,0.89362,Confirmed somatic variant,23856246,null,cell-line,primary,null,ENSP00000409921.2:p.Arg57Ter,ENST00000413209.6:c.169C>T,22:g.29636805C>T
PREX2,ENST00000288368.4,4821,22950,ACHN,1998434,1883506,kidney,NS,NS,NS,carcinoma,renal_cell_carcinoma,NS,NS,y,COSV55796041,COSM1683180,97404134,c.1905del,p.I636Ffs*8,Deletion - Frameshift,hom,null,38,8:68083266-68083266,+,n,-,null,null,Confirmed somatic variant,23856246,null,cell-line,primary,null,ENSP00000288368.4:p.Ile636PhefsTer8,ENST00000288368.4:c.1905del,8:g.68083266del
SYNE2,ENST00000358025.7,20724,17084,ACHN,1998434,1883506,kidney,NS,NS,NS,carcinoma,renal_cell_carcinoma,NS,NS,y,COSV59967115,COSM1678041,103406258,c.9687A>C,p.K3229N,Substitution - Missense,hom,null,38,14:64053600-64053600,+,n,-,null,0.62532,Confirmed somatic variant,23856246,null,cell-line,primary,null,ENSP00000350719.3:p.Lys3229Asn,ENST00000358025.7:c.9687A>C,14:g.64053600A>C
FLNB_ENST00000295956,ENST00000295956.8,7809,3755,ACHN,1998434,1883506,kidney,NS,NS,NS,carcinoma,renal_cell_carcinoma,NS,NS,y,COSV55893368,COSM1670293,169617592,c.1892C>T,p.P631L,Substitution - Missense,hom,null,38,3:58106824-58106824,+,n,-,PATHOGENIC,0.96385,Confirmed somatic variant,23856246,null,cell-line,primary,null,ENSP00000295956.4:p.Pro631Leu,ENST00000295956.8:c.1892C>T,3:g.58106824C>T
NF2_ENST00000403999,ENST00000403999.7,1773,7773,ACHN,1998434,1883506,kidney,NS,NS,NS,carcinoma,renal_cell_carcinoma,NS,NS,y,COSV58519659,COSM21991,115485832,c.169C>T,p.R57*,Substitution - Nonsense,hom,null,38,22:29636805-29636805,+,n,-,PATHOGENIC,0.89362,Confirmed somatic variant,23856246,null,cell-line,primary,null,ENSP00000384797.3:p.Arg57Ter,ENST00000403999.7:c.169C>T,22:g.29636805C>T
TMC1,ENST00000297784.9,2283,16513,ACHN,1998434,1883506,kidney,NS,NS,NS,carcinoma,renal_cell_carcinoma,NS,NS,y,COSV52771739,COSM1684170,171510152,c.247_249del,p.E83del,Deletion - In frame,hom,null,38,9:72700528-72700530,+,n,-,null,null,Confirmed somatic variant,23856246,null,cell-line,primary,null,ENSP00000297784.5:p.Glu83del,ENST00000297784.9:c.247_249del,9:g.72700528_72700530del
SYNE1_ENST00000423061,ENST00000423061.5,26250,17089,ACHN,1998434,1883506,kidney,NS,NS,NS,carcinoma,renal_cell_carcinoma,NS,NS,y,COSV55081572,COSM1672920,121271302,c.5309T>G,p.V1770G,Substitution - Missense,het,null,38,6:152419702-152419702,-,n,-,PATHOGENIC,0.80389,Confirmed somatic variant,23856246,null,cell-line,primary,null,ENSP00000396024.1:p.Val1770Gly,ENST00000423061.5:c.5309T>G,6:g.152419702A>C
ATP6V0A1_ENST00000343619,ENST00000343619.8,2514,865,ACHN,1998434,1883506,kidney,NS,NS,NS,carcinoma,renal_cell_carcinoma,NS,NS,y,COSV52877334,COSM1679829,102548955,c.2273T>C,p.M758T,Substitution - Missense,hom,null,38,17:42514313-42514313,+,n,-,PATHOGENIC,0.98752,Confirmed somatic variant,23856246,null,cell-line,primary,null,ENSP00000342951.3:p.Met758Thr,ENST00000343619.8:c.2273T>C,17:g.42514313T>C
NF2_ENST00000361676,ENST00000361676.8,1647,7773,ACHN,1998434,1883506,kidney,NS,NS,NS,carcinoma,renal_cell_carcinoma,NS,NS,y,COSV58519659,COSM21991,106901031,c.115-2285C>T,p.?,Unknown,hom,null,38,22:29636805-29636805,+,n,-,PATHOGENIC,0.89362,Confirmed somatic variant,23856246,null,cell-line,primary,null,null,ENST00000361676.8:c.115-2285C>T,22:g.29636805C>T
ZNF584_ENST00000322834,ENST00000322834.7,438,27318,ACHN,1998434,1883506,kidney,NS,NS,NS,carcinoma,renal_cell_carcinoma,NS,NS,y,COSV59723322,COSM1681466,98528294,c.89A>T,p.Q30L,Substitution - Missense,hom,null,38,19:58410035-58410035,+,n,-,PATHOGENIC,0.70309,Confirmed somatic variant,23856246,null,cell-line,primary,null,ENSP00000320731.7:p.Gln30Leu,ENST00000322834.7:c.89A>T,19:g.58410035A>T
NF2_ENST00000397789,ENST00000397789.3,1773,7773,ACHN,1998434,1883506,kidney,NS,NS,NS,carcinoma,renal_cell_carcinoma,NS,NS,y,COSV58519659,COSM21991,113937658,c.169C>T,p.R57*,Substitution - Nonsense,hom,null,38,22:29636805-29636805,+,n,-,PATHOGENIC,0.89362,Confirmed somatic variant,23856246,null,cell-line,primary,null,ENSP00000380891.3:p.Arg57Ter,ENST00000397789.3:c.169C>T,22:g.29636805C>T
DPF2_ENST00000415073,ENST00000415073.6,624,9964,ACHN,1998434,1883506,kidney,NS,NS,NS,carcinoma,renal_cell_carcinoma,NS,NS,y,COSV52891125,COSM1676177,119243698,c.482G>T,p.C161F,Substitution - Missense,hom,null,38,11:65348866-65348866,+,n,-,PATHOGENIC,0.99453,Confirmed somatic variant,23856246,null,cell-line,primary,null,ENSP00000399714.2:p.Cys161Phe,ENST00000415073.6:c.482G>T,11:g.65348866G>T
AKAP5,ENST00000394718.4,1284,375,ACHN,1998434,1883506,kidney,NS,NS,NS,carcinoma,renal_cell_carcinoma,NS,NS,y,COSV57742924,COSM1678056,114808502,c.390A>G,p.I130M,Substitution - Missense,hom,null,38,14:64468784-64468784,+,n,-,NEUTRAL,0.26253,Confirmed somatic variant,23856246,null,cell-line,primary,null,ENSP00000378207.3:p.Ile130Met,ENST00000394718.4:c.390A>G,14:g.64468784A>G
SDR16C5,ENST00000522671.1,957,30311,ACHN,1998434,1883506,kidney,NS,NS,NS,carcinoma,renal_cell_carcinoma,NS,NS,y,COSV58128084,COSM1673923,138887243,c.503A>G,p.D168G,Substitution - Missense,hom,null,38,8:56308990-56308990,-,n,-,PATHOGENIC,0.98432,Confirmed somatic variant,23856246,null,cell-line,primary,null,ENSP00000431010.1:p.Asp168Gly,ENST00000522671.1:c.503A>G,8:g.56308990T>C
CACNG4,ENST00000262138.3,984,1408,ACHN,1998434,1883506,kidney,NS,NS,NS,carcinoma,renal_cell_carcinoma,NS,NS,y,COSV50924404,COSM1680017,169002707,c.550T>G,p.S184A,Substitution - Missense,het,null,38,17:67030570-67030570,+,y,-,PATHOGENIC,0.9743,Confirmed somatic variant,23856246,null,cell-line,primary,null,ENSP00000262138.3:p.Ser184Ala,ENST00000262138.3:c.550T>G,17:g.67030570T>G
PLXNB2_ENST00000614805,ENST00000614805.1,1041,9104,ACHN,1998434,1883506,kidney,NS,NS,NS,carcinoma,renal_cell_carcinoma,NS,NS,y,COSV63784065,COSM1684658,160121516,c.809_811del,p.L270del,Deletion - In frame,hom,null,38,22:50277985-50277987,-,n,-,null,null,Confirmed somatic variant,23856246,null,cell-line,primary,null,ENSP00000478347.1:p.Leu270del,ENST00000614805.1:c.809_811del,22:g.50277985_50277987del
PBRM1_ENST00000409057,ENST00000409057.5,4905,30064,ACHN,1998434,1883506,kidney,NS,NS,NS,carcinoma,renal_cell_carcinoma,NS,NS,y,COSV56260610,COSM255806,116457439,c.3154C>T,p.R1052*,Substitution - Nonsense,het,null,38,3:52586658-52586658,-,n,-,PATHOGENIC,0.88376,Confirmed somatic variant,23856246,null,cell-line,primary,null,ENSP00000386593.1:p.Arg1052Ter,ENST00000409057.5:c.3154C>T,3:g.52586658G>A
APLF,ENST00000303795.8,1536,28724,ACHN,1998434,1883506,kidney,NS,NS,NS,carcinoma,renal_cell_carcinoma,NS,NS,y,COSV58143270,COSM1683853,99575608,c.938_940del,p.R313del,Deletion - In frame,het,null,38,2:68538005-68538007,+,n,-,null,null,Confirmed somatic variant,23856246,null,cell-line,primary,null,ENSP00000307004.4:p.Arg313del,ENST00000303795.8:c.938_940del,2:g.68538005_68538007del
LILRA1_ENST00000453777,ENST00000453777.1,870,6602,ACHN,1998434,1883506,kidney,NS,NS,NS,carcinoma,renal_cell_carcinoma,NS,NS,y,COSV52183232,COSM1681360,128324365,c.661+356G>T,p.?,Unknown,hom,null,38,19:54595758-54595758,+,n,-,NEUTRAL,0.01527,Confirmed somatic variant,23856246,null,cell-line,primary,null,null,ENST00000453777.1:c.661+356G>T,19:g.54595758G>T
ASPHD1_ENST00000483405,ENST00000483405.5,330,27380,ACHN,1998434,1883506,kidney,NS,NS,NS,carcinoma,renal_cell_carcinoma,NS,NS,y,COSV58103066,COSM1678983,132253727,c.-263-24G>A,p.?,Unknown,het,null,38,16:29901528-29901528,+,n,-,PATHOGENIC,0.78048,Confirmed somatic variant,23856246,null,cell-line,primary,null,null,ENST00000483405.5:c.-263-24G>A,16:g.29901528G>A
DHDH,ENST00000221403.6,1005,17887,ACHN,1998434,1883506,kidney,NS,NS,NS,carcinoma,renal_cell_carcinoma,NS,NS,y,COSV55481510,COSM1684588,168822235,c.881_882del,p.E294Vfs*18,Deletion - Frameshift,hom,null,38,19:48944493-48944494,+,n,-,null,null,Confirmed somatic variant,23856246,null,cell-line,primary,null,ENSP00000221403.2:p.Glu294ValfsTer18,ENST00000221403.6:c.881_882del,19:g.48944493_48944494del
POLR1B_ENST00000409894,ENST00000409894.7,2859,20454,ACHN,1998434,1883506,kidney,NS,NS,NS,carcinoma,renal_cell_carcinoma,NS,NS,y,COSV54502928,COSM1669221,117467801,c.2144C>T,p.P715L,Substitution - Missense,het,null,38,2:112575014-112575014,+,n,-,PATHOGENIC,0.9868,Confirmed somatic variant,23856246,null,cell-line,primary,null,ENSP00000387143.3:p.Pro715Leu,ENST00000409894.7:c.2144C>T,2:g.112575014C>T
VHL,ENST00000256474.2,642,12687,ACHN,982275,897994,kidney,NS,NS,NS,carcinoma,clear_cell_renal_cell_carcinoma,NS,NS,n,COSV56572521,COSM18358,95942724,c.244C>T,p.R82C,Substitution - Missense,null,null,38,3:10142091-10142091,+,n,-,PATHOGENIC,0.9668,Variant of unknown origin,7977367,null,cell-line,NS,null,ENSP00000256474.2:p.Arg82Cys,ENST00000256474.2:c.244C>T,3:g.10142091C>T
NF2_ENST00000361166,ENST00000361166.8,1773,7773,ACHN,1998434,1883506,kidney,NS,NS,NS,carcinoma,renal_cell_carcinoma,NS,NS,y,COSV58519659,COSM21991,104680110,c.169C>T,p.R57*,Substitution - Nonsense,hom,null,38,22:29636805-29636805,+,n,-,PATHOGENIC,0.89362,Confirmed somatic variant,23856246,null,cell-line,primary,null,ENSP00000354529.4:p.Arg57Ter,ENST00000361166.8:c.169C>T,22:g.29636805C>T
ATP6V0A1_ENST00000544137,ENST00000544137.5,1452,865,ACHN,1998434,1883506,kidney,NS,NS,NS,carcinoma,renal_cell_carcinoma,NS,NS,y,COSV52877334,COSM1679829,145110063,c.1211T>C,p.M404T,Substitution - Missense,hom,null,38,17:42514313-42514313,+,n,-,PATHOGENIC,0.98752,Confirmed somatic variant,23856246,null,cell-line,primary,null,ENSP00000446377.1:p.Met404Thr,ENST00000544137.5:c.1211T>C,17:g.42514313T>C
DPF2,ENST00000252268.8,1218,9964,ACHN,1998434,1883506,kidney,NS,NS,NS,carcinoma,renal_cell_carcinoma,NS,NS,y,COSV52891125,COSM1676177,98156137,c.1076G>T,p.C359F,Substitution - Missense,hom,null,38,11:65348866-65348866,+,n,-,PATHOGENIC,0.99453,Confirmed somatic variant,23856246,null,cell-line,primary,null,ENSP00000252268.4:p.Cys359Phe,ENST00000252268.8:c.1076G>T,11:g.65348866G>T
IQCE_ENST00000438376,ENST00000438376.6,2040,29171,ACHN,1998434,1883506,kidney,NS,NS,NS,carcinoma,renal_cell_carcinoma,NS,NS,y,COSV58081583,COSM1684098,123248064,c.847_856del,p.V285Sfs*8,Deletion - Frameshift,het,null,38,7:2586278-2586287,+,n,-,null,null,Confirmed somatic variant,23856246,null,cell-line,primary,null,ENSP00000396178.2:p.Val285SerfsTer8,ENST00000438376.6:c.847_856del,7:g.2586278_2586287del
SPATC1L_ENST00000330205,ENST00000330205.10,561,1298,ACHN,1998434,1883506,kidney,NS,NS,NS,carcinoma,renal_cell_carcinoma,NS,NS,y,COSV52434558,COSM1682074,101310805,c.512G>C,p.C171S,Substitution - Missense,hom,null,38,21:46161428-46161428,-,n,-,PATHOGENIC,0.88122,Confirmed somatic variant,23856246,null,cell-line,primary,null,ENSP00000333869.6:p.Cys171Ser,ENST00000330205.10:c.512G>C,21:g.46161428C>G
DHDH_ENST00000522614,ENST00000522614.5,729,17887,ACHN,1998434,1883506,kidney,NS,NS,NS,carcinoma,renal_cell_carcinoma,NS,NS,y,COSV55481510,COSM1684588,138619844,c.620-331_620-330del,p.?,Unknown,hom,null,38,19:48944493-48944494,+,n,-,null,null,Confirmed somatic variant,23856246,null,cell-line,primary,null,null,ENST00000522614.5:c.620-331_620-330del,19:g.48944493_48944494del
PLXNB2_ENST00000359337,ENST00000359337.8,5517,9104,ACHN,1998434,1883506,kidney,NS,NS,NS,carcinoma,renal_cell_carcinoma,NS,NS,y,COSV63784065,COSM1684658,103437171,c.4918_4920del,p.F1640del,Deletion - In frame,hom,null,38,22:50277985-50277987,-,n,-,null,null,Confirmed somatic variant,23856246,null,cell-line,primary,null,ENSP00000352288.4:p.Phe1640del,ENST00000359337.8:c.4918_4920del,22:g.50277985_50277987del
NF2,ENST00000338641.8,1788,7773,ACHN,1998434,1883506,kidney,NS,NS,NS,carcinoma,renal_cell_carcinoma,NS,NS,y,COSV58519659,COSM21991,101417809,c.169C>T,p.R57*,Substitution - Nonsense,hom,null,38,22:29636805-29636805,+,n,-,PATHOGENIC,0.89362,Confirmed somatic variant,23856246,null,cell-line,primary,null,ENSP00000344666.4:p.Arg57Ter,ENST00000338641.8:c.169C>T,22:g.29636805C>T
MYO5B_ENST00000592688,ENST00000592688.1,1257,7603,ACHN,1998434,1883506,kidney,NS,NS,NS,carcinoma,renal_cell_carcinoma,NS,NS,y,COSV53229035,COSM1680357,154445771,c.554C>A,p.P185Q,Substitution - Missense,hom,null,38,18:49839152-49839152,-,n,-,PATHOGENIC,0.90865,Confirmed somatic variant,23856246,null,cell-line,primary,null,ENSP00000466368.1:p.Pro185Gln,ENST00000592688.1:c.554C>A,18:g.49839152G>T
SPATC1L,ENST00000291672.5,1023,1298,ACHN,1998434,1883506,kidney,NS,NS,NS,carcinoma,renal_cell_carcinoma,NS,NS,y,COSV52434558,COSM1682074,99122483,c.974G>C,p.C325S,Substitution - Missense,hom,null,38,21:46161428-46161428,-,n,-,PATHOGENIC,0.88122,Confirmed somatic variant,23856246,null,cell-line,primary,null,ENSP00000291672.5:p.Cys325Ser,ENST00000291672.5:c.974G>C,21:g.46161428C>G
FLNB_ENST00000429972,ENST00000429972.6,7776,3755,ACHN,1998434,1883506,kidney,NS,NS,NS,carcinoma,renal_cell_carcinoma,NS,NS,y,COSV55893368,COSM1670293,120449721,c.1892C>T,p.P631L,Substitution - Missense,hom,null,38,3:58106824-58106824,+,n,-,PATHOGENIC,0.96385,Confirmed somatic variant,23856246,null,cell-line,primary,null,ENSP00000415599.2:p.Pro631Leu,ENST00000429972.6:c.1892C>T,3:g.58106824C>T
PLXNB2_ENST00000610984,ENST00000610984.4,483,9104,ACHN,1998434,1883506,kidney,NS,NS,NS,carcinoma,renal_cell_carcinoma,NS,NS,y,COSV63784065,COSM1684658,159045180,c.332_334del,p.L111del,Deletion - In frame,hom,null,38,22:50277985-50277987,-,n,-,null,null,Confirmed somatic variant,23856246,null,cell-line,primary,null,ENSP00000482999.1:p.Leu111del,ENST00000610984.4:c.332_334del,22:g.50277985_50277987del
POLR1B_ENST00000537335,ENST00000537335.5,2775,20454,ACHN,1998434,1883506,kidney,NS,NS,NS,carcinoma,renal_cell_carcinoma,NS,NS,y,COSV54502928,COSM1669221,145615220,c.2060C>T,p.P687L,Substitution - Missense,het,null,38,2:112575014-112575014,+,n,-,PATHOGENIC,0.9868,Confirmed somatic variant,23856246,null,cell-line,primary,null,ENSP00000437914.1:p.Pro687Leu,ENST00000537335.5:c.2060C>T,2:g.112575014C>T
ZBTB21_ENST00000398505,ENST00000398505.7,2598,13083,ACHN,1998434,1883506,kidney,NS,NS,NS,carcinoma,renal_cell_carcinoma,NS,NS,y,COSV60403488,COSM1684639,116062225,c.2051_2053del,p.E684del,Deletion - In frame,hom,null,38,21:41991445-41991447,-,n,-,null,null,Confirmed somatic variant,23856246,null,cell-line,primary,null,ENSP00000381517.3:p.Glu684del,ENST00000398505.7:c.2051_2053del,21:g.41991445_41991447del
GUCY2F,ENST00000218006.2,3327,4691,ACHN,1998434,1883506,kidney,NS,NS,NS,carcinoma,renal_cell_carcinoma,NS,NS,y,COSV54307588,COSM1682806,94792924,c.1654A>G,p.S552G,Substitution - Missense,hom,null,38,23:109441398-109441398,-,n,-,PATHOGENIC,0.96361,Confirmed somatic variant,23856246,null,cell-line,primary,null,ENSP00000218006.2:p.Ser552Gly,ENST00000218006.2:c.1654A>G,X:g.109441398T>C
AKAP5_ENST00000320636,ENST00000320636.5,1284,375,ACHN,1998434,1883506,kidney,NS,NS,NS,carcinoma,renal_cell_carcinoma,NS,NS,y,COSV57742924,COSM1678056,101143975,c.390A>G,p.I130M,Substitution - Missense,hom,null,38,14:64468784-64468784,+,n,-,NEUTRAL,0.26253,Confirmed somatic variant,23856246,null,cell-line,primary,null,ENSP00000315615.5:p.Ile130Met,ENST00000320636.5:c.390A>G,14:g.64468784A>G
SYNE1_ENST00000341594,ENST00000341594.9,25179,17089,ACHN,1998434,1883506,kidney,NS,NS,NS,carcinoma,renal_cell_carcinoma,NS,NS,y,COSV55081572,COSM1672920,101923161,c.5348T>G,p.V1783G,Substitution - Missense,het,null,38,6:152419702-152419702,-,n,-,PATHOGENIC,0.80389,Confirmed somatic variant,23856246,null,cell-line,primary,null,ENSP00000341887.6:p.Val1783Gly,ENST00000341594.9:c.5348T>G,6:g.152419702A>C
ZBTB21,ENST00000310826.9,3201,13083,ACHN,1998434,1883506,kidney,NS,NS,NS,carcinoma,renal_cell_carcinoma,NS,NS,y,COSV60403488,COSM1684639,97301017,c.2654_2656del,p.E885del,Deletion - In frame,hom,null,38,21:41991445-41991447,-,n,-,null,null,Confirmed somatic variant,23856246,null,cell-line,primary,null,ENSP00000308759.5:p.Glu885del,ENST00000310826.9:c.2654_2656del,21:g.41991445_41991447del
DHDH_ENST00000523250,ENST00000523250.5,588,17887,ACHN,1998434,1883506,kidney,NS,NS,NS,carcinoma,renal_cell_carcinoma,NS,NS,y,COSV55481510,COSM1684588,140747942,c.464_465del,p.E155Vfs*18,Deletion - Frameshift,hom,null,38,19:48944493-48944494,+,n,-,null,null,Confirmed somatic variant,23856246,null,cell-line,primary,null,ENSP00000428935.1:p.Glu155ValfsTer18,ENST00000523250.5:c.464_465del,19:g.48944493_48944494del
FLNB,ENST00000490882.5,7902,3755,ACHN,1998434,1883506,kidney,NS,NS,NS,carcinoma,renal_cell_carcinoma,NS,NS,y,COSV55893368,COSM1670293,135795244,c.1892C>T,p.P631L,Substitution - Missense,hom,null,38,3:58106824-58106824,+,n,-,PATHOGENIC,0.96385,Confirmed somatic variant,23856246,null,cell-line,primary,null,ENSP00000420213.1:p.Pro631Leu,ENST00000490882.5:c.1892C>T,3:g.58106824C>T
PBRM1_ENST00000409114,ENST00000409114.7,4959,30064,ACHN,1998434,1883506,kidney,NS,NS,NS,carcinoma,renal_cell_carcinoma,NS,NS,y,COSV56260610,COSM255806,116854119,c.3199C>T,p.R1067*,Substitution - Nonsense,het,null,38,3:52586658-52586658,-,n,-,PATHOGENIC,0.88376,Confirmed somatic variant,23856246,null,cell-line,primary,null,ENSP00000386643.3:p.Arg1067Ter,ENST00000409114.7:c.3199C>T,3:g.52586658G>A
POLR1B_ENST00000263331,ENST00000263331.9,3408,20454,ACHN,1998434,1883506,kidney,NS,NS,NS,carcinoma,renal_cell_carcinoma,NS,NS,y,COSV54502928,COSM1669221,171521400,c.2693C>T,p.P898L,Substitution - Missense,het,null,38,2:112575014-112575014,+,n,-,PATHOGENIC,0.9868,Confirmed somatic variant,23856246,null,cell-line,primary,null,ENSP00000263331.5:p.Pro898Leu,ENST00000263331.9:c.2693C>T,2:g.112575014C>T
SYNE2_ENST00000344113,ENST00000344113.8,20658,17084,ACHN,1998434,1883506,kidney,NS,NS,NS,carcinoma,renal_cell_carcinoma,NS,NS,y,COSV59967115,COSM1678041,103208122,c.9687A>C,p.K3229N,Substitution - Missense,hom,null,38,14:64053600-64053600,+,n,-,null,0.62532,Confirmed somatic variant,23856246,null,cell-line,primary,null,ENSP00000341781.4:p.Lys3229Asn,ENST00000344113.8:c.9687A>C,14:g.64053600A>C
SYNE1,ENST00000367255.9,26394,17089,ACHN,1998434,1883506,kidney,NS,NS,NS,carcinoma,renal_cell_carcinoma,NS,NS,y,COSV55081572,COSM1672920,104546135,c.5288T>G,p.V1763G,Substitution - Missense,het,null,38,6:152419702-152419702,-,n,-,PATHOGENIC,0.80389,Confirmed somatic variant,23856246,null,cell-line,primary,null,ENSP00000356224.5:p.Val1763Gly,ENST00000367255.9:c.5288T>G,6:g.152419702A>C
TDRD6_ENST00000544460,ENST00000544460.5,6201,21339,ACHN,1998434,1883506,kidney,NS,NS,NS,carcinoma,renal_cell_carcinoma,NS,NS,y,COSV60178167,COSM1672466,145959450,c.1307G>C,p.G436A,Substitution - Missense,het,null,38,6:46689435-46689435,+,n,-,PATHOGENIC,0.9947,Confirmed somatic variant,23856246,null,cell-line,primary,null,ENSP00000443299.1:p.Gly436Ala,ENST00000544460.5:c.1307G>C,6:g.46689435G>C
TMC1_ENST00000340019,ENST00000340019.4,2283,16513,ACHN,1998434,1883506,kidney,NS,NS,NS,carcinoma,renal_cell_carcinoma,NS,NS,y,COSV52771739,COSM1684170,103225673,c.247_249del,p.E83del,Deletion - In frame,hom,null,38,9:72700528-72700530,+,n,-,null,null,Confirmed somatic variant,23856246,null,cell-line,primary,null,ENSP00000341433.3:p.Glu83del,ENST00000340019.4:c.247_249del,9:g.72700528_72700530del
LCT,ENST00000264162.6,5784,6530,ACHN,1998434,1883506,kidney,NS,NS,NS,carcinoma,renal_cell_carcinoma,NS,NS,y,COSV51468538,COSM1669273,169342833,c.318C>G,p.D106E,Substitution - Missense,het,null,38,2:135836852-135836852,-,n,-,NEUTRAL,0.04967,Confirmed somatic variant,23856246,null,cell-line,primary,null,ENSP00000264162.2:p.Asp106Glu,ENST00000264162.6:c.318C>G,2:g.135836852G>C
VHL_ENST00000345392,ENST00000345392.2,519,12687,ACHN,982275,897994,kidney,NS,NS,NS,carcinoma,clear_cell_renal_cell_carcinoma,NS,NS,n,COSV56572521,COSM18358,101399717,c.244C>T,p.R82C,Substitution - Missense,null,null,38,3:10142091-10142091,+,n,-,PATHOGENIC,0.9668,Variant of unknown origin,7977367,null,cell-line,NS,null,ENSP00000344757.2:p.Arg82Cys,ENST00000345392.2:c.244C>T,3:g.10142091C>T
ATP6V0A1_ENST00000537728,ENST00000537728.5,2367,865,ACHN,1998434,1883506,kidney,NS,NS,NS,carcinoma,renal_cell_carcinoma,NS,NS,y,COSV52877334,COSM1679829,146526160,c.2126T>C,p.M709T,Substitution - Missense,hom,null,38,17:42514313-42514313,+,n,-,PATHOGENIC,0.98752,Confirmed somatic variant,23856246,null,cell-line,primary,null,ENSP00000443991.1:p.Met709Thr,ENST00000537728.5:c.2126T>C,17:g.42514313T>C
FLNB_ENST00000493452,ENST00000493452.5,7230,3755,ACHN,1998434,1883506,kidney,NS,NS,NS,carcinoma,renal_cell_carcinoma,NS,NS,y,COSV55893368,COSM1670293,134763629,c.1385C>T,p.P462L,Substitution - Missense,hom,null,38,3:58106824-58106824,+,n,-,PATHOGENIC,0.96385,Confirmed somatic variant,23856246,null,cell-line,primary,null,ENSP00000418510.1:p.Pro462Leu,ENST00000493452.5:c.1385C>T,3:g.58106824C>T
ATAD5,ENST00000321990.4,5535,25752,ACHN,1998434,1883506,kidney,NS,NS,NS,carcinoma,renal_cell_carcinoma,NS,NS,y,COSV58972122,COSM1163659,97857089,c.861_866del,p.M287_S288del,Deletion - In frame,hom,null,38,17:30834942-30834947,+,n,-,null,null,Confirmed somatic variant,23856246,null,cell-line,primary,null,ENSP00000313171.4:p.Met287_Ser288del,ENST00000321990.4:c.861_866del,17:g.30834942_30834947del
IQCE_ENST00000611775,ENST00000611775.4,2061,29171,ACHN,1998434,1883506,kidney,NS,NS,NS,carcinoma,renal_cell_carcinoma,NS,NS,y,COSV58081583,COSM1684098,157664679,c.847_856del,p.V285Sfs*8,Deletion - Frameshift,het,null,38,7:2586278-2586287,+,n,-,null,null,Confirmed somatic variant,23856246,null,cell-line,primary,null,ENSP00000480668.1:p.Val285SerfsTer8,ENST00000611775.4:c.847_856del,7:g.2586278_2586287del
PBRM1_ENST00000409767,ENST00000409767.5,4794,30064,ACHN,1998434,1883506,kidney,NS,NS,NS,carcinoma,renal_cell_carcinoma,NS,NS,y,COSV56260610,COSM255806,116531808,c.3199C>T,p.R1067*,Substitution - Nonsense,het,null,38,3:52586658-52586658,-,n,-,PATHOGENIC,0.88376,Confirmed somatic variant,23856246,null,cell-line,primary,null,ENSP00000386601.1:p.Arg1067Ter,ENST00000409767.5:c.3199C>T,3:g.52586658G>A
IQCE_ENST00000404984,ENST00000404984.5,1935,29171,ACHN,1998434,1883506,kidney,NS,NS,NS,carcinoma,renal_cell_carcinoma,NS,NS,y,COSV58081583,COSM1684098,117506065,c.742_751del,p.V250Sfs*8,Deletion - Frameshift,het,null,38,7:2586278-2586287,+,n,-,null,null,Confirmed somatic variant,23856246,null,cell-line,primary,null,ENSP00000385945.1:p.Val250SerfsTer8,ENST00000404984.5:c.742_751del,7:g.2586278_2586287del
PKD1L2_ENST00000337114,ENST00000337114.8,2976,21715,ACHN,1998434,1883506,kidney,NS,NS,NS,carcinoma,renal_cell_carcinoma,NS,NS,y,COSV61411118,COSM314177,99710878,c.706_707del,p.N236Pfs*26,Deletion - Frameshift,het,null,38,16:81208545-81208546,-,n,-,null,null,Confirmed somatic variant,23856246,null,cell-line,primary,null,ENSP00000337397.4:p.Asn236ProfsTer26,ENST00000337114.8:c.706_707del,16:g.81208545_81208546del
PBRM1_ENST00000410007,ENST00000410007.5,4830,30064,ACHN,1998434,1883506,kidney,NS,NS,NS,carcinoma,renal_cell_carcinoma,NS,NS,y,COSV56260610,COSM255806,118049304,c.3079C>T,p.R1027*,Substitution - Nonsense,het,null,38,3:52586658-52586658,-,n,-,PATHOGENIC,0.88376,Confirmed somatic variant,23856246,null,cell-line,primary,null,ENSP00000386529.1:p.Arg1027Ter,ENST00000410007.5:c.3079C>T,3:g.52586658G>A
LILRA1,ENST00000251372.7,1470,6602,ACHN,1998434,1883506,kidney,NS,NS,NS,carcinoma,renal_cell_carcinoma,NS,NS,y,COSV52183232,COSM1681360,97592991,c.781G>T,p.G261*,Substitution - Nonsense,hom,null,38,19:54595758-54595758,+,n,-,NEUTRAL,0.01527,Confirmed somatic variant,23856246,null,cell-line,primary,null,ENSP00000251372.3:p.Gly261Ter,ENST00000251372.7:c.781G>T,19:g.54595758G>T
MYH11,ENST00000396324.7,5940,7569,ACHN,1998434,1883506,kidney,NS,NS,NS,carcinoma,renal_cell_carcinoma,NS,NS,y,COSV55567084,COSM1678848,114032932,c.4564G>A,p.D1522N,Substitution - Missense,het,null,38,16:15721457-15721457,-,n,-,PATHOGENIC,0.94124,Confirmed somatic variant,23856246,null,cell-line,primary,null,ENSP00000379616.3:p.Asp1522Asn,ENST00000396324.7:c.4564G>A,16:g.15721457C>T
DMXL1_ENST00000311085,ENST00000311085.8,9084,2937,ACHN,1998434,1883506,kidney,NS,NS,NS,carcinoma,renal_cell_carcinoma,NS,NS,y,COSV60719743,COSM1671821,97619032,c.8462G>T,p.C2821F,Substitution - Missense,het,null,38,5:119237380-119237380,+,n,-,PATHOGENIC,0.9682,Confirmed somatic variant,23856246,null,cell-line,primary,null,ENSP00000309690.8:p.Cys2821Phe,ENST00000311085.8:c.8462G>T,5:g.119237380G>T
MYH11_ENST00000452625,ENST00000452625.6,5838,7569,ACHN,1998434,1883506,kidney,NS,NS,NS,carcinoma,renal_cell_carcinoma,NS,NS,y,COSV55567084,COSM1678848,125977002,c.4564G>A,p.D1522N,Substitution - Missense,het,null,38,16:15721457-15721457,-,n,-,PATHOGENIC,0.94124,Confirmed somatic variant,23856246,null,cell-line,primary,null,ENSP00000407821.2:p.Asp1522Asn,ENST00000452625.6:c.4564G>A,16:g.15721457C>T
PAPPA2,ENST00000367662.4,5376,14615,ACHN,1998434,1883506,kidney,NS,NS,NS,carcinoma,renal_cell_carcinoma,NS,NS,y,COSV62785244,COSM1668226,106357113,c.850C>T,p.R284W,Substitution - Missense,hom,null,38,1:176557172-176557172,+,n,-,null,0.68336,Confirmed somatic variant,23856246,null,cell-line,primary,null,ENSP00000356634.3:p.Arg284Trp,ENST00000367662.4:c.850C>T,1:g.176557172C>T
DRC1,ENST00000288710.6,2223,24245,ACHN,1998434,1883506,kidney,NS,NS,NS,carcinoma,renal_cell_carcinoma,NS,NS,y,COSV55499813,COSM1683597,97839058,c.2190_2193dup,p.T732Sfs*18,Insertion - Frameshift,het,null,38,2:26456487-26456488,+,n,-,null,null,Confirmed somatic variant,23856246,null,cell-line,primary,null,ENSP00000288710.2:p.Thr732SerfsTer18,ENST00000288710.6:c.2190_2193dup,2:g.26456484_26456487dup
SDR16C5_ENST00000303749,ENST00000303749.7,930,30311,ACHN,1998434,1883506,kidney,NS,NS,NS,carcinoma,renal_cell_carcinoma,NS,NS,y,COSV58128084,COSM1673923,99558825,c.503A>G,p.D168G,Substitution - Missense,hom,null,38,8:56308990-56308990,-,n,-,PATHOGENIC,0.98432,Confirmed somatic variant,23856246,null,cell-line,primary,null,ENSP00000307607.3:p.Asp168Gly,ENST00000303749.7:c.503A>G,8:g.56308990T>C
NF2_ENST00000403435,ENST00000403435.5,1686,7773,ACHN,1998434,1883506,kidney,NS,NS,NS,carcinoma,renal_cell_carcinoma,NS,NS,y,COSV58519659,COSM21991,114675088,c.169C>T,p.R57*,Substitution - Nonsense,hom,null,38,22:29636805-29636805,+,n,-,PATHOGENIC,0.89362,Confirmed somatic variant,23856246,null,cell-line,primary,null,ENSP00000384029.1:p.Arg57Ter,ENST00000403435.5:c.169C>T,22:g.29636805C>T
PIGG_ENST00000383028,ENST00000383028.8,2553,25985,ACHN,1998434,1883506,kidney,NS,NS,NS,carcinoma,renal_cell_carcinoma,NS,NS,y,COSV56321060,COSM1670827,110511676,c.1319A>G,p.E440G,Substitution - Missense,hom,null,38,4:523562-523562,+,n,-,PATHOGENIC,0.96661,Confirmed somatic variant,23856246,null,cell-line,primary,null,ENSP00000372494.4:p.Glu440Gly,ENST00000383028.8:c.1319A>G,4:g.523562A>G
SDR16C5_ENST00000396721,ENST00000396721.6,798,30311,ACHN,1998434,1883506,kidney,NS,NS,NS,carcinoma,renal_cell_carcinoma,NS,NS,y,COSV58128084,COSM1673923,115232112,c.371A>G,p.D124G,Substitution - Missense,hom,null,38,8:56308990-56308990,-,n,-,PATHOGENIC,0.98432,Confirmed somatic variant,23856246,null,cell-line,primary,null,ENSP00000379947.2:p.Asp124Gly,ENST00000396721.6:c.371A>G,8:g.56308990T>C
NDE1,ENST00000396355.5,1008,17619,ACHN,1998434,1883506,kidney,NS,NS,NS,carcinoma,renal_cell_carcinoma,NS,NS,y,COSV55567084,COSM1678848,114153797,c.948-2734C>T,p.?,Unknown,het,null,38,16:15721457-15721457,+,n,-,PATHOGENIC,0.94124,Confirmed somatic variant,23856246,null,cell-line,primary,null,null,ENST00000396355.5:c.948-2734C>T,16:g.15721457C>T
PAPPA2_ENST00000367661,ENST00000367661.7,2484,14615,ACHN,1998434,1883506,kidney,NS,NS,NS,carcinoma,renal_cell_carcinoma,NS,NS,y,COSV62785244,COSM1668226,106328370,c.850C>T,p.R284W,Substitution - Missense,hom,null,38,1:176557172-176557172,+,n,-,null,0.68336,Confirmed somatic variant,23856246,null,cell-line,primary,null,ENSP00000356633.3:p.Arg284Trp,ENST00000367661.7:c.850C>T,1:g.176557172C>T
HLA-DRB5,ENST00000374975.3,801,4953,ACHN,1998434,1883506,kidney,NS,NS,NS,carcinoma,renal_cell_carcinoma,NS,NS,y,COSV66612340,COSM1672304,110268372,c.286T>A,p.F96I,Substitution - Missense,het,null,38,6:32521989-32521989,-,n,-,NEUTRAL,0.00434,Confirmed somatic variant,23856246,null,cell-line,primary,null,ENSP00000364114.3:p.Phe96Ile,ENST00000374975.3:c.286T>A,6:g.32521989A>T
EIF2AK4,ENST00000263791.9,4950,19687,ACHN,1998434,1883506,kidney,NS,NS,NS,carcinoma,renal_cell_carcinoma,NS,NS,y,COSV55464446,COSM1372591,168962116,c.2208_2213dup,p.D736_D737dup,Insertion - In frame,hom,null,38,15:39976808-39976809,+,n,-,null,null,Confirmed somatic variant,23856246,null,cell-line,primary,null,ENSP00000263791.5:p.Asp736_Asp737dup,ENST00000263791.9:c.2208_2213dup,15:g.39976803_39976808dup
ATP6V0A1,ENST00000264649.10,2517,865,ACHN,1998434,1883506,kidney,NS,NS,NS,carcinoma,renal_cell_carcinoma,NS,NS,y,COSV52877334,COSM1679829,170205491,c.2276T>C,p.M759T,Substitution - Missense,hom,null,38,17:42514313-42514313,+,n,-,PATHOGENIC,0.98752,Confirmed somatic variant,23856246,null,cell-line,primary,null,ENSP00000264649.5:p.Met759Thr,ENST00000264649.10:c.2276T>C,17:g.42514313T>C
DMXL1,ENST00000539542.5,9147,2937,ACHN,1998434,1883506,kidney,NS,NS,NS,carcinoma,renal_cell_carcinoma,NS,NS,y,COSV60719743,COSM1671821,147086100,c.8525G>T,p.C2842F,Substitution - Missense,het,null,38,5:119237380-119237380,+,n,-,PATHOGENIC,0.9682,Confirmed somatic variant,23856246,null,cell-line,primary,null,ENSP00000439479.1:p.Cys2842Phe,ENST00000539542.5:c.8525G>T,5:g.119237380G>T
NF2_ENST00000334961,ENST00000334961.11,1524,7773,ACHN,1998434,1883506,kidney,NS,NS,NS,carcinoma,renal_cell_carcinoma,NS,NS,y,COSV58519659,COSM21991,101275538,c.115-5397C>T,p.?,Unknown,hom,null,38,22:29636805-29636805,+,n,-,PATHOGENIC,0.89362,Confirmed somatic variant,23856246,null,cell-line,primary,null,null,ENST00000334961.11:c.115-5397C>T,22:g.29636805C>T
PBRM1_ENST00000296302,ENST00000296302.11,5070,30064,ACHN,1998434,1883506,kidney,NS,NS,NS,carcinoma,renal_cell_carcinoma,NS,NS,y,COSV56260610,COSM255806,169956571,c.3154C>T,p.R1052*,Substitution - Nonsense,het,null,38,3:52586658-52586658,-,n,-,PATHOGENIC,0.88376,Confirmed somatic variant,23856246,null,cell-line,primary,null,ENSP00000296302.7:p.Arg1052Ter,ENST00000296302.11:c.3154C>T,3:g.52586658G>A
ZBTB21_ENST00000398499,ENST00000398499.5,3201,13083,ACHN,1998434,1883506,kidney,NS,NS,NS,carcinoma,renal_cell_carcinoma,NS,NS,y,COSV60403488,COSM1684639,116059477,c.2654_2656del,p.E885del,Deletion - In frame,hom,null,38,21:41991445-41991447,-,n,-,null,null,Confirmed somatic variant,23856246,null,cell-line,primary,null,ENSP00000381512.1:p.Glu885del,ENST00000398499.5:c.2654_2656del,21:g.41991445_41991447del
IQCE,ENST00000476665.5,2109,29171,ACHN,1998434,1883506,kidney,NS,NS,NS,carcinoma,renal_cell_carcinoma,NS,NS,y,COSV58081583,COSM1684098,130433808,c.895_904del,p.V301Sfs*8,Deletion - Frameshift,het,null,38,7:2586278-2586287,+,n,-,null,null,Confirmed somatic variant,23856246,null,cell-line,primary,null,ENSP00000480715.1:p.Val301SerfsTer8,ENST00000476665.5:c.895_904del,7:g.2586278_2586287del
OR2C1,ENST00000304936.3,939,8242,ACHN,1998434,1883506,kidney,NS,NS,NS,carcinoma,renal_cell_carcinoma,NS,NS,y,COSV59240694,COSM1684426,96271025,c.818del,p.F273Sfs*13,Deletion - Frameshift,het,null,38,16:3356758-3356758,+,n,-,null,null,Confirmed somatic variant,23856246,null,cell-line,primary,null,ENSP00000307726.2:p.Phe273SerfsTer13,ENST00000304936.3:c.818del,16:g.3356758del
NF2_ENST00000353887,ENST00000353887.8,1524,7773,ACHN,1998434,1883506,kidney,NS,NS,NS,carcinoma,renal_cell_carcinoma,NS,NS,y,COSV58519659,COSM21991,103722689,c.115-5397C>T,p.?,Unknown,hom,null,38,22:29636805-29636805,+,n,-,PATHOGENIC,0.89362,Confirmed somatic variant,23856246,null,cell-line,primary,null,null,ENST00000353887.8:c.115-5397C>T,22:g.29636805C>T
PLXNB2,ENST00000449103.5,5517,9104,ACHN,1998434,1883506,kidney,NS,NS,NS,carcinoma,renal_cell_carcinoma,NS,NS,y,COSV63784065,COSM1684658,126212169,c.4918_4920del,p.F1640del,Deletion - In frame,hom,null,38,22:50277985-50277987,-,n,-,null,null,Confirmed somatic variant,23856246,null,cell-line,primary,null,ENSP00000409171.1:p.Phe1640del,ENST00000449103.5:c.4918_4920del,22:g.50277985_50277987del
PBRM1_ENST00000356770,ENST00000356770.8,4809,30064,ACHN,1998434,1883506,kidney,NS,NS,NS,carcinoma,renal_cell_carcinoma,NS,NS,y,COSV56260610,COSM255806,102980377,c.3058C>T,p.R1020*,Substitution - Nonsense,het,null,38,3:52586658-52586658,-,n,-,PATHOGENIC,0.88376,Confirmed somatic variant,23856246,null,cell-line,primary,null,ENSP00000349213.4:p.Arg1020Ter,ENST00000356770.8:c.3058C>T,3:g.52586658G>A
MYH11_ENST00000576790,ENST00000576790.6,5817,7569,ACHN,1998434,1883506,kidney,NS,NS,NS,carcinoma,renal_cell_carcinoma,NS,NS,y,COSV55567084,COSM1678848,153467177,c.4543G>A,p.D1515N,Substitution - Missense,het,null,38,16:15721457-15721457,-,n,-,PATHOGENIC,0.94124,Confirmed somatic variant,23856246,null,cell-line,primary,null,ENSP00000458731.1:p.Asp1515Asn,ENST00000576790.6:c.4543G>A,16:g.15721457C>T
DPF2_ENST00000528416,ENST00000528416.5,1176,9964,ACHN,1998434,1883506,kidney,NS,NS,NS,carcinoma,renal_cell_carcinoma,NS,NS,y,COSV52891125,COSM1676177,141401024,c.1034G>T,p.C345F,Substitution - Missense,hom,null,38,11:65348866-65348866,+,n,-,PATHOGENIC,0.99453,Confirmed somatic variant,23856246,null,cell-line,primary,null,ENSP00000436901.1:p.Cys345Phe,ENST00000528416.5:c.1034G>T,11:g.65348866G>T
MCM3AP_ENST00000291688,ENST00000291688.5,5943,6946,ACHN,1998434,1883506,kidney,NS,NS,NS,carcinoma,renal_cell_carcinoma,NS,NS,y,COSV52444841,COSM1682077,99131117,c.5845C>T,p.R1949*,Substitution - Nonsense,hom,null,38,21:46235366-46235366,-,n,-,NEUTRAL,0.33132,Confirmed somatic variant,23856246,null,cell-line,primary,null,ENSP00000291688.1:p.Arg1949Ter,ENST00000291688.5:c.5845C>T,21:g.46235366G>A
TMC1_ENST00000645208,ENST00000645208.1,2283,16513,ACHN,1998434,1883506,kidney,NS,NS,NS,carcinoma,renal_cell_carcinoma,NS,NS,y,COSV52771739,COSM1684170,167337069,c.247_249del,p.E83del,Deletion - In frame,hom,null,38,9:72700528-72700530,+,n,-,null,null,Confirmed somatic variant,23856246,null,cell-line,primary,null,ENSP00000494684.1:p.Glu83del,ENST00000645208.1:c.247_249del,9:g.72700528_72700530del
SMO,ENST00000249373.7,2364,11119,ACHN,1998434,1883506,kidney,NS,NS,NS,carcinoma,renal_cell_carcinoma,NS,NS,y,COSV50840692,COSM1673530,96939125,c.1823A>G,p.N608S,Substitution - Missense,het,null,38,7:129211657-129211657,+,n,-,PATHOGENIC,0.99275,Confirmed somatic variant,23856246,null,cell-line,primary,null,ENSP00000249373.3:p.Asn608Ser,ENST00000249373.7:c.1823A>G,7:g.129211657A>G
ZNF584_ENST00000599238,ENST00000599238.5,282,27318,ACHN,1998434,1883506,kidney,NS,NS,NS,carcinoma,renal_cell_carcinoma,NS,NS,y,COSV59723322,COSM1681466,155728259,c.-23A>T,p.?,Unknown,hom,null,38,19:58410035-58410035,+,n,-,PATHOGENIC,0.70309,Confirmed somatic variant,23856246,null,cell-line,primary,null,null,ENST00000599238.5:c.-23A>T,19:g.58410035A>T
PIGG,ENST00000453061.6,2952,25985,ACHN,1998434,1883506,kidney,NS,NS,NS,carcinoma,renal_cell_carcinoma,NS,NS,y,COSV56321060,COSM1670827,126932951,c.1718A>G,p.E573G,Substitution - Missense,hom,null,38,4:523562-523562,+,n,-,PATHOGENIC,0.96661,Confirmed somatic variant,23856246,null,cell-line,primary,null,ENSP00000415203.2:p.Glu573Gly,ENST00000453061.6:c.1718A>G,4:g.523562A>G
MYO5B,ENST00000285039.11,5547,7603,ACHN,1998434,1883506,kidney,NS,NS,NS,carcinoma,renal_cell_carcinoma,NS,NS,y,COSV53229035,COSM1680357,95722655,c.4844C>A,p.P1615Q,Substitution - Missense,hom,null,38,18:49839152-49839152,-,n,-,PATHOGENIC,0.90865,Confirmed somatic variant,23856246,null,cell-line,primary,null,ENSP00000285039.6:p.Pro1615Gln,ENST00000285039.11:c.4844C>A,18:g.49839152G>T
SPIRE2_ENST00000393062,ENST00000393062.6,2001,30623,ACHN,1998434,1883506,kidney,NS,NS,NS,carcinoma,renal_cell_carcinoma,NS,NS,y,COSV65554415,COSM1380574,113036204,c.470_472dup,p.E157dup,Insertion - In frame,het,null,38,16:89850487-89850488,+,n,-,null,null,Confirmed somatic variant,23856246,null,cell-line,primary,null,ENSP00000376782.2:p.Glu157dup,ENST00000393062.6:c.470_472dup,16:g.89850485_89850487dup
IQCE_ENST00000623361,ENST00000623361.3,1893,29171,ACHN,1998434,1883506,kidney,NS,NS,NS,carcinoma,renal_cell_carcinoma,NS,NS,y,COSV58081583,COSM1684098,159384228,c.700_709del,p.V236Sfs*8,Deletion - Frameshift,het,null,38,7:2586278-2586287,+,n,-,null,null,Confirmed somatic variant,23856246,null,cell-line,primary,null,ENSP00000485601.1:p.Val236SerfsTer8,ENST00000623361.3:c.700_709del,7:g.2586278_2586287del
NF2_ENST00000361452,ENST00000361452.8,1650,7773,ACHN,1998434,1883506,kidney,NS,NS,NS,carcinoma,renal_cell_carcinoma,NS,NS,y,COSV58519659,COSM21991,105764188,c.169C>T,p.R57*,Substitution - Nonsense,hom,null,38,22:29636805-29636805,+,n,-,PATHOGENIC,0.89362,Confirmed somatic variant,23856246,null,cell-line,primary,null,ENSP00000354897.4:p.Arg57Ter,ENST00000361452.8:c.169C>T,22:g.29636805C>T
CDCP2,ENST00000371330.1,1350,27297,ACHN,1998434,1883506,kidney,NS,NS,NS,carcinoma,renal_cell_carcinoma,NS,NS,y,COSV61282355,COSM1683302,107858053,c.1223_1224dup,p.M409Pfs*2,Insertion - Frameshift,hom,null,38,1:54139653-54139654,-,n,-,null,null,Confirmed somatic variant,23856246,null,cell-line,primary,null,ENSP00000360381.1:p.Met409ProfsTer2,ENST00000371330.1:c.1223_1224dup,1:g.54139652_54139653dup
POLR1B_ENST00000417433,ENST00000417433.6,3240,20454,ACHN,1998434,1883506,kidney,NS,NS,NS,carcinoma,renal_cell_carcinoma,NS,NS,y,COSV54502928,COSM1669221,121157428,c.2525C>T,p.P842L,Substitution - Missense,het,null,38,2:112575014-112575014,+,n,-,PATHOGENIC,0.9868,Confirmed somatic variant,23856246,null,cell-line,primary,null,ENSP00000405358.2:p.Pro842Leu,ENST00000417433.6:c.2525C>T,2:g.112575014C>T
HRASLS,ENST00000264735.2,822,14922,ACHN,1998434,1883506,kidney,NS,NS,NS,carcinoma,renal_cell_carcinoma,NS,NS,y,COSV53233132,COSM1670787,170491404,c.476C>A,p.T159K,Substitution - Missense,hom,null,38,3:193262991-193262991,+,n,-,PATHOGENIC,0.93947,Confirmed somatic variant,23856246,null,cell-line,primary,null,ENSP00000264735.3:p.Thr159Lys,ENST00000264735.2:c.476C>A,3:g.193262991C>A
TSPOAP1,ENST00000343736.8,5574,16831,ACHN,1998434,1883506,kidney,NS,NS,NS,carcinoma,renal_cell_carcinoma,NS,NS,y,COSV52103159,COSM1384705,102694056,c.4249dup,p.S1417Kfs*40,Insertion - Frameshift,het,null,38,17:58309024-58309025,-,n,-,null,null,Confirmed somatic variant,23856246,null,cell-line,primary,null,ENSP00000345824.4:p.Ser1417LysfsTer40,ENST00000343736.8:c.4249dup,17:g.58309024dup
FLNB_ENST00000358537,ENST00000358537.7,7737,3755,ACHN,1998434,1883506,kidney,NS,NS,NS,carcinoma,renal_cell_carcinoma,NS,NS,y,COSV55893368,COSM1670293,105050581,c.1892C>T,p.P631L,Substitution - Missense,hom,null,38,3:58106824-58106824,+,n,-,PATHOGENIC,0.96385,Confirmed somatic variant,23856246,null,cell-line,primary,null,ENSP00000351339.3:p.Pro631Leu,ENST00000358537.7:c.1892C>T,3:g.58106824C>T
ZBTB25_ENST00000555424,ENST00000555424.1,285,13112,ACHN,1998434,1883506,kidney,NS,NS,NS,carcinoma,renal_cell_carcinoma,NS,NS,y,COSV57742924,COSM1678056,147259823,c.256+18330T>C,p.?,Unknown,hom,null,38,14:64468784-64468784,-,n,-,NEUTRAL,0.26253,Confirmed somatic variant,23856246,null,cell-line,primary,null,null,ENST00000555424.1:c.256+18330T>C,14:g.64468784A>G
ZBTB25_ENST00000555220,ENST00000555220.5,261,13112,ACHN,1998434,1883506,kidney,NS,NS,NS,carcinoma,renal_cell_carcinoma,NS,NS,y,COSV57742924,COSM1678056,150465904,c.174-19146T>C,p.?,Unknown,hom,null,38,14:64468784-64468784,-,n,-,NEUTRAL,0.26253,Confirmed somatic variant,23856246,null,cell-line,primary,null,null,ENST00000555220.5:c.174-19146T>C,14:g.64468784A>G
ZBTB21_ENST00000398511,ENST00000398511.3,3201,13083,ACHN,1998434,1883506,kidney,NS,NS,NS,carcinoma,renal_cell_carcinoma,NS,NS,y,COSV60403488,COSM1684639,116093521,c.2654_2656del,p.E885del,Deletion - In frame,hom,null,38,21:41991445-41991447,-,n,-,null,null,Confirmed somatic variant,23856246,null,cell-line,primary,null,ENSP00000381523.3:p.Glu885del,ENST00000398511.3:c.2654_2656del,21:g.41991445_41991447del
NDE1_ENST00000396354,ENST00000396354.5,1008,17619,ACHN,1998434,1883506,kidney,NS,NS,NS,carcinoma,renal_cell_carcinoma,NS,NS,y,COSV55567084,COSM1678848,114142508,c.948-2734C>T,p.?,Unknown,het,null,38,16:15721457-15721457,+,n,-,PATHOGENIC,0.94124,Confirmed somatic variant,23856246,null,cell-line,primary,null,null,ENST00000396354.5:c.948-2734C>T,16:g.15721457C>T
TSPOAP1_ENST00000268893,ENST00000268893.10,5394,16831,ACHN,1998434,1883506,kidney,NS,NS,NS,carcinoma,renal_cell_carcinoma,NS,NS,y,COSV52103159,COSM1384705,95776002,c.4069dup,p.S1357Kfs*40,Insertion - Frameshift,het,null,38,17:58309024-58309025,-,n,-,null,null,Confirmed somatic variant,23856246,null,cell-line,primary,null,ENSP00000268893.6:p.Ser1357LysfsTer40,ENST00000268893.10:c.4069dup,17:g.58309024dup
SYNE2_ENST00000357395,ENST00000357395.7,20475,17084,ACHN,1998434,1883506,kidney,NS,NS,NS,carcinoma,renal_cell_carcinoma,NS,NS,y,COSV59967115,COSM1678041,104886960,c.9786A>C,p.K3262N,Substitution - Missense,hom,null,38,14:64053600-64053600,+,n,-,null,0.62532,Confirmed somatic variant,23856246,null,cell-line,primary,null,ENSP00000349969.4:p.Lys3262Asn,ENST00000357395.7:c.9786A>C,14:g.64053600A>C
ZNF584_ENST00000596281,ENST00000596281.1,99,27318,ACHN,1998434,1883506,kidney,NS,NS,NS,carcinoma,renal_cell_carcinoma,NS,NS,y,COSV59723322,COSM1681466,155043818,c.18+870A>T,p.?,Unknown,hom,null,38,19:58410035-58410035,+,n,-,PATHOGENIC,0.70309,Confirmed somatic variant,23856246,null,cell-line,primary,null,null,ENST00000596281.1:c.18+870A>T,19:g.58410035A>T
NEMP1,ENST00000300128.8,1335,29001,ACHN,1998434,1883506,kidney,NS,NS,NS,carcinoma,renal_cell_carcinoma,NS,NS,y,COSV55661459,COSM327976,96631491,c.253-10dup,p.?,Unknown,het,null,38,12:57070905-57070906,-,n,-,null,null,Confirmed somatic variant,23856246,null,cell-line,primary,null,null,ENST00000300128.8:c.253-10dup,12:g.57070905dup
PIGG_ENST00000310340,ENST00000310340.9,2928,25985,ACHN,1998434,1883506,kidney,NS,NS,NS,carcinoma,renal_cell_carcinoma,NS,NS,y,COSV56321060,COSM1670827,96858384,c.1694A>G,p.E565G,Substitution - Missense,hom,null,38,4:523562-523562,+,n,-,PATHOGENIC,0.96661,Confirmed somatic variant,23856246,null,cell-line,primary,null,ENSP00000311750.5:p.Glu565Gly,ENST00000310340.9:c.1694A>G,4:g.523562A>G
ATP6V0A1_ENST00000393829,ENST00000393829.6,2496,865,ACHN,1998434,1883506,kidney,NS,NS,NS,carcinoma,renal_cell_carcinoma,NS,NS,y,COSV52877334,COSM1679829,111612188,c.2255T>C,p.M752T,Substitution - Missense,hom,null,38,17:42514313-42514313,+,n,-,PATHOGENIC,0.98752,Confirmed somatic variant,23856246,null,cell-line,primary,null,ENSP00000377415.2:p.Met752Thr,ENST00000393829.6:c.2255T>C,17:g.42514313T>C
IQCE_ENST00000402050,ENST00000402050.6,2088,29171,ACHN,1998434,1883506,kidney,NS,NS,NS,carcinoma,renal_cell_carcinoma,NS,NS,y,COSV58081583,COSM1684098,116135736,c.895_904del,p.V301Sfs*8,Deletion - Frameshift,het,null,38,7:2586278-2586287,+,n,-,null,null,Confirmed somatic variant,23856246,null,cell-line,primary,null,ENSP00000385597.2:p.Val301SerfsTer8,ENST00000402050.6:c.895_904del,7:g.2586278_2586287del
PBRM1_ENST00000337303,ENST00000337303.8,4749,30064,ACHN,1998434,1883506,kidney,NS,NS,NS,carcinoma,renal_cell_carcinoma,NS,NS,y,COSV56260610,COSM255806,99865295,c.3154C>T,p.R1052*,Substitution - Nonsense,het,null,38,3:52586658-52586658,-,n,-,PATHOGENIC,0.88376,Confirmed somatic variant,23856246,null,cell-line,primary,null,ENSP00000338302.4:p.Arg1052Ter,ENST00000337303.8:c.3154C>T,3:g.52586658G>A
ZNF584_ENST00000593920,ENST00000593920.5,1131,27318,ACHN,1998434,1883506,kidney,NS,NS,NS,carcinoma,renal_cell_carcinoma,NS,NS,y,COSV59723322,COSM1681466,156662737,c.-23A>T,p.?,Unknown,hom,null,38,19:58410035-58410035,+,n,-,PATHOGENIC,0.70309,Confirmed somatic variant,23856246,null,cell-line,primary,null,null,ENST00000593920.5:c.-23A>T,19:g.58410035A>T
IQCE_ENST00000325979,ENST00000325979.11,1893,29171,ACHN,1998434,1883506,kidney,NS,NS,NS,carcinoma,renal_cell_carcinoma,NS,NS,y,COSV58081583,COSM1684098,101357555,c.700_709del,p.V236Sfs*8,Deletion - Frameshift,het,null,38,7:2586278-2586287,+,n,-,null,null,Confirmed somatic variant,23856246,null,cell-line,primary,null,ENSP00000313772.7:p.Val236SerfsTer8,ENST00000325979.11:c.700_709del,7:g.2586278_2586287del
SYNE2_ENST00000554584,ENST00000554584.5,20457,17084,ACHN,1998434,1883506,kidney,NS,NS,NS,carcinoma,renal_cell_carcinoma,NS,NS,y,COSV59967115,COSM1678041,148755821,c.9786A>C,p.K3262N,Substitution - Missense,hom,null,38,14:64053600-64053600,+,n,-,null,0.62532,Confirmed somatic variant,23856246,null,cell-line,primary,null,ENSP00000452570.1:p.Lys3262Asn,ENST00000554584.5:c.9786A>C,14:g.64053600A>C
MYH11_ENST00000300036,ENST00000300036.5,5919,7569,ACHN,1998434,1883506,kidney,NS,NS,NS,carcinoma,renal_cell_carcinoma,NS,NS,y,COSV55567084,COSM1678848,96557449,c.4543G>A,p.D1515N,Substitution - Missense,het,null,38,16:15721457-15721457,-,n,-,PATHOGENIC,0.94124,Confirmed somatic variant,23856246,null,cell-line,primary,null,ENSP00000300036.5:p.Asp1515Asn,ENST00000300036.5:c.4543G>A,16:g.15721457C>T
CDCP2_ENST00000530059,ENST00000530059.2,1623,27297,ACHN,1998434,1883506,kidney,NS,NS,NS,carcinoma,renal_cell_carcinoma,NS,NS,y,COSV61282355,COSM1683302,142361621,c.1117+106_1117+107dup,p.?,Unknown,hom,null,38,1:54139653-54139654,-,n,-,null,null,Confirmed somatic variant,23856246,null,cell-line,primary,null,null,ENST00000530059.2:c.1117+106_1117+107dup,1:g.54139652_54139653dup
ASPHD1,ENST00000308748.9,1173,27380,ACHN,1998434,1883506,kidney,NS,NS,NS,carcinoma,renal_cell_carcinoma,NS,NS,y,COSV58103066,COSM1678983,99895387,c.557G>A,p.R186H,Substitution - Missense,het,null,38,16:29901528-29901528,+,n,-,PATHOGENIC,0.78048,Confirmed somatic variant,23856246,null,cell-line,primary,null,ENSP00000311447.5:p.Arg186His,ENST00000308748.9:c.557G>A,16:g.29901528G>A
POLR1B,ENST00000541869.5,3522,20454,ACHN,1998434,1883506,kidney,NS,NS,NS,carcinoma,renal_cell_carcinoma,NS,NS,y,COSV54502928,COSM1669221,144046927,c.2807C>T,p.P936L,Substitution - Missense,het,null,38,2:112575014-112575014,+,n,-,PATHOGENIC,0.9868,Confirmed somatic variant,23856246,null,cell-line,primary,null,ENSP00000444136.1:p.Pro936Leu,ENST00000541869.5:c.2807C>T,2:g.112575014C>T
TDRD6,ENST00000316081.10,6291,21339,ACHN,1998434,1883506,kidney,NS,NS,NS,carcinoma,renal_cell_carcinoma,NS,NS,y,COSV60178167,COSM1672466,96841621,c.1307G>C,p.G436A,Substitution - Missense,het,null,38,6:46689435-46689435,+,n,-,PATHOGENIC,0.9947,Confirmed somatic variant,23856246,null,cell-line,primary,null,ENSP00000346065.5:p.Gly436Ala,ENST00000316081.10:c.1307G>C,6:g.46689435G>C
OR5P2,ENST00000329434.2,969,14783,ACHN,1998434,1883506,kidney,NS,NS,NS,carcinoma,renal_cell_carcinoma,NS,NS,y,COSV61490364,COSM1318086,100756568,c.106_107insGCATCTACCTGGTAACCATAT,p.L35_S36insCIYLVTI,Insertion - In frame,hom,null,38,11:7796839-7796840,-,n,-,null,null,Confirmed somatic variant,23856246,null,cell-line,primary,null,ENSP00000331823.2:p.Leu35_Ser36insCysIleTyrLeuValThrIle,ENST00000329434.2:c.106_107insGCATCTACCTGGTAACCATAT,11:g.7796839_7796840insTGGTTACCAGGTAGATGCATA
